日期,周几,科目,分钟,内容
9/14,周一,环境,60,环境搭建+day1.py重构
9/14,周一,SQL,60,练习1~9
9/15,周二,SQL,60,练习10~14
9/15,周二,其他,40,计划改革+exercise.py
9/16,周三,视频,80,p21+p22
9/16,周三,Python,60,题26~30
9/16,周三,SQL,60,练习15~19
9/17,周四,视频,80,p23+p24
9/17,周四,笔记,40,精读第11/12章
9/17,周四,SQL,60,练习20~27
9/17,周四,Python,60,题1~7
9/18,周五,休息,0,休息日
9/19,周六,视频,80,p25+p26
9/19,周六,Python,60,题31~35
9/19,周六,SQL,70,练习28~34
9/20,周日,Python,90,Python整合卷72分
9/20,周日,SQL,60,SQL整合卷100分
9/21,周一,视频,80,p27+p28
9/21,周一,Python,40,题8~10
9/21,周一,SQL,60,练习35~39
9/22,周二,视频,80,p29+p30
9/22,周二,SQL,70,练习40~46
9/22,周二,Python,50,题11~13
9/23,周三,视频,80,p31+p32
9/23,周三,SQL,70,练习47~53
9/23,周三,Python,60,题14~16
9/24,周四,Python,40,题17~19
9/24,周四,SQL,60,练习54~59
9/25,周五,休息,0,休息日
9/26,周六,Python,120,项目:学习时间统计